Question,Answer
How can I find a mentor to guide my tech career?,Platforms like VidyaSangam help you connect with experienced mentors based on your career goals and tech interests.
What programming languages should I start with?,Begin with Python or JavaScript as they are versatile and widely used across different tech domains.
How do I prepare for coding competitions?,"Practice algorithms and data structures regularly, and participate in platforms like Codeforces or LeetCode to sharpen your skills."
How does mentorship accelerate professional development?,"Mentors provide insights from their experiences, offer guidance on career choices, and help you navigate challenges."
What are the current trends in the tech industry?,"Key trends include AI, machine learning, blockchain, cloud computing, and cybersecurity."
How do I build a strong portfolio for internships?,"Work on personal projects, contribute to open source, and include your achievements and skills in a clear, structured format."
How can VidyaSangam help in finding internships?,"VidyaSangam connects students with mentors who provide internship leads, application tips, and interview preparation."
What are the best resources to learn programming online?,"Some top resources include Codecademy, freeCodeCamp, Udemy, and specialized paths offered by VidyaSangam."
How do I switch careers into tech?,"Learn the basics of coding, build a portfolio, and connect with mentors who can guide you through the transition."
What soft skills are crucial for tech professionals?,"Communication, teamwork, problem-solving, and adaptability are essential for career success in tech."
How do I stay updated with industry trends?,"Follow tech blogs, attend webinars, participate in online communities, and engage with platforms like VidyaSangam."
What learning path should I take to become a data scientist?,"Start with Python, then learn data analysis tools like Pandas, NumPy, and advance to machine learning using TensorFlow or PyTorch."
How do I balance coding practice with academic studies?,Prioritize time management by scheduling coding sessions around your academic responsibilities.
How can I prepare for technical interviews?,"Study algorithms, data structures, system design, and practice mock interviews with mentors or peers."
What is the best way to learn web development?,"Start with HTML, CSS, and JavaScript, then progress to learning frameworks like React or Angular and back-end technologies like Node.js."
How can networking improve my career prospects?,"Networking opens opportunities for mentorship, job referrals, and learning from professionals in your field."
What’s the importance of Git in development?,"Git is crucial for version control, enabling developers to track changes, collaborate with others, and manage projects efficiently."
How do I choose a programming language for a project?,"Consider factors like project requirements, community support, performance needs, and ease of learning when selecting a language."
What is the role of AI in today’s industry?,"AI is transforming industries by automating tasks, enabling data-driven decision-making, and improving customer experiences."
How can I build a personal brand as a developer?,"Create a portfolio website, contribute to open source, engage in tech forums, and share your knowledge through blogs or talks."
What’s the importance of internships in career growth?,"Internships offer practical experience, networking opportunities, and can lead to full-time job offers."
How do I improve problem-solving skills for coding?,"Practice consistently on coding platforms, understand different algorithms, and participate in challenges or hackathons."
How can VidyaSangam help with academic success?,"VidyaSangam connects you with mentors who offer academic advice, help with project work, and guide you in balancing studies with extracurriculars."
What resources are best for learning machine learning?,"Start with courses on Coursera, Kaggle competitions, and hands-on projects using libraries like TensorFlow and scikit-learn."
How important is networking during college?,"Networking during college helps in building relationships with industry professionals, gaining internships, and learning about job opportunities."
What are the top programming languages for AI?,"Python is the most widely used, followed by R and Julia, thanks to their strong libraries and community support."
How do coding bootcamps compare to traditional degrees?,"Bootcamps offer accelerated learning and practical skills, while degrees provide a more comprehensive understanding of computer science."
What tech stacks are essential for full-stack development?,"A typical full-stack developer needs to know front-end tools (HTML, CSS, JavaScript), back-end (Node.js, Python, Ruby), and databases (MySQL, MongoDB)."
How can I start learning cloud computing?,"Begin with cloud platforms like AWS, Azure, or Google Cloud, and focus on services like storage, compute, and networking."
What are some essential tools for software developers?,"Key tools include Git for version control, Docker for containerization, and IDEs like VSCode for development."
How can VidyaSangam help me network with industry experts?,"VidyaSangam offers webinars, workshops, and mentorship programs that allow you to connect with industry experts."
How do I manage work-life balance as a software developer?,"Set boundaries, prioritize tasks, use productivity tools, and ensure regular breaks to maintain a healthy work-life balance."
What are some strategies for acing hackathons?,"Focus on teamwork, choose simple yet impactful ideas, plan effectively, and ensure you're familiar with the tech stack used."
How do I choose between front-end and back-end development?,Consider whether you enjoy designing interfaces (front-end) or building server-side logic (back-end) and start learning accordingly.
What are key areas to focus on for system design interviews?,"Learn about scalability, databases, load balancing, caching, and designing high-availability systems."
How do I build a successful freelance career in tech?,"Develop a strong portfolio, build a personal brand, network, and focus on a niche to attract clients."
What is the future of blockchain technology?,"Blockchain is being increasingly used in finance, supply chain management, and even healthcare for secure, transparent transactions."
How important is continuous learning in tech?,"Technology evolves rapidly, so continuous learning through courses, certifications, and mentorship is crucial for staying relevant."
What are the advantages of contributing to open source?,"Contributing to open source improves coding skills, provides real-world experience, and expands your network within the developer community."
How do I choose the right mentor for my career?,Look for a mentor with experience in your desired field who aligns with your career goals and can offer valuable insights.
How can VidyaSangam help me with resume building?,"VidyaSangam mentors provide guidance on structuring your resume, highlighting key skills, and tailoring it to specific roles."
What is the importance of UI/UX design in development?,"Good UI/UX design enhances user satisfaction, making products more accessible, intuitive, and enjoyable to use."
How do I transition from a non-technical to a technical role?,"Start by learning the basics of coding, build projects, and seek mentorship to guide you through the transition."
What skills are needed for a cybersecurity career?,"You need to learn networking, cryptography, ethical hacking, and security protocols, along with gaining certifications like CISSP or CEH."
How do coding competitions help in career growth?,"They sharpen problem-solving skills, improve coding efficiency, and can be a great addition to your resume."
How can I prepare for leadership roles in tech?,"Develop soft skills like communication, decision-making, and team management, and take on leadership opportunities in projects."
What’s the best way to learn database management?,"Start by learning SQL for relational databases, and progress to NoSQL databases like MongoDB for handling large-scale data."
How can VidyaSangam help with career transitions?,"VidyaSangam mentors provide personalized advice on learning new skills, building a portfolio, and finding opportunities in new fields."
What is the role of data structures in software development?,"Data structures are critical for efficient data storage, manipulation, and retrieval, making them essential for optimized code."
How do I make the most of my internship experience?,"Take initiative, seek feedback, network with peers and seniors, and focus on learning as much as possible."
How can I find a mentor to guide my tech career?,Platforms like VidyaSangam help you connect with experienced mentors based on your career goals and tech interests.
What programming languages should I start with?,Begin with Python or JavaScript as they are versatile and widely used across different tech domains.
How do I prepare for coding competitions?,"Practice algorithms and data structures regularly, and participate in platforms like Codeforces or LeetCode to sharpen your skills."
How does mentorship accelerate professional development?,"Mentors provide insights from their experiences, offer guidance on career choices, and help you navigate challenges."
What are the current trends in the tech industry?,"Key trends include AI, machine learning, blockchain, cloud computing, and cybersecurity."
How do I build a strong portfolio for internships?,"Work on personal projects, contribute to open source, and include your achievements and skills in a clear, structured format."
How can VidyaSangam help in finding internships?,"VidyaSangam connects students with mentors who provide internship leads, application tips, and interview preparation."
What are the best resources to learn programming online?,"Some top resources include Codecademy, freeCodeCamp, Udemy, and specialized paths offered by VidyaSangam."
How do I switch careers into tech?,"Learn the basics of coding, build a portfolio, and connect with mentors who can guide you through the transition."
What soft skills are crucial for tech professionals?,"Communication, teamwork, problem-solving, and adaptability are essential for career success in tech."
How do I stay updated with industry trends?,"Follow tech blogs, attend webinars, participate in online communities, and engage with platforms like VidyaSangam."
What learning path should I take to become a data scientist?,"Start with Python, then learn data analysis tools like Pandas, NumPy, and advance to machine learning using TensorFlow or PyTorch."
How do I balance coding practice with academic studies?,Prioritize time management by scheduling coding sessions around your academic responsibilities.
How can I prepare for technical interviews?,"Study algorithms, data structures, system design, and practice mock interviews with mentors or peers."
What is the best way to learn web development?,"Start with HTML, CSS, and JavaScript, then progress to learning frameworks like React or Angular and back-end technologies like Node.js."
How can networking improve my career prospects?,"Networking opens opportunities for mentorship, job referrals, and learning from professionals in your field."
What’s the importance of Git in development?,"Git is crucial for version control, enabling developers to track changes, collaborate with others, and manage projects efficiently."
How do I choose a programming language for a project?,"Consider factors like project requirements, community support, performance needs, and ease of learning when selecting a language."
What is the role of AI in today’s industry?,"AI is transforming industries by automating tasks, enabling data-driven decision-making, and improving customer experiences."
How can I build a personal brand as a developer?,"Create a portfolio website, contribute to open source, engage in tech forums, and share your knowledge through blogs or talks."
What’s the importance of internships in career growth?,"Internships offer practical experience, networking opportunities, and can lead to full-time job offers."
How do I improve problem-solving skills for coding?,"Practice consistently on coding platforms, understand different algorithms, and participate in challenges or hackathons."
How can VidyaSangam help with academic success?,"VidyaSangam connects you with mentors who offer academic advice, help with project work, and guide you in balancing studies with extracurriculars."
What resources are best for learning machine learning?,"Start with courses on Coursera, Kaggle competitions, and hands-on projects using libraries like TensorFlow and scikit-learn."
How important is networking during college?,"Networking during college helps in building relationships with industry professionals, gaining internships, and learning about job opportunities."
What are the top programming languages for AI?,"Python is the most widely used, followed by R and Julia, thanks to their strong libraries and community support."
How do coding bootcamps compare to traditional degrees?,"Bootcamps offer accelerated learning and practical skills, while degrees provide a more comprehensive understanding of computer science."
What tech stacks are essential for full-stack development?,"A typical full-stack developer needs to know front-end tools (HTML, CSS, JavaScript), back-end (Node.js, Python, Ruby), and databases (MySQL, MongoDB)."
How can I start learning cloud computing?,"Begin with cloud platforms like AWS, Azure, or Google Cloud, and focus on services like storage, compute, and networking."
What are some essential tools for software developers?,"Key tools include Git for version control, Docker for containerization, and IDEs like VSCode for development."
How can VidyaSangam help me network with industry experts?,"VidyaSangam offers webinars, workshops, and mentorship programs that allow you to connect with industry experts."
How do I manage work-life balance as a software developer?,"Set boundaries, prioritize tasks, use productivity tools, and ensure regular breaks to maintain a healthy work-life balance."
What are some strategies for acing hackathons?,"Focus on teamwork, choose simple yet impactful ideas, plan effectively, and ensure you're familiar with the tech stack used."
How do I choose between front-end and back-end development?,Consider whether you enjoy designing interfaces (front-end) or building server-side logic (back-end) and start learning accordingly.
What are key areas to focus on for system design interviews?,"Learn about scalability, databases, load balancing, caching, and designing high-availability systems."
How do I build a successful freelance career in tech?,"Develop a strong portfolio, build a personal brand, network, and focus on a niche to attract clients."
What is the future of blockchain technology?,"Blockchain is being increasingly used in finance, supply chain management, and even healthcare for secure, transparent transactions."
How important is continuous learning in tech?,"Technology evolves rapidly, so continuous learning through courses, certifications, and mentorship is crucial for staying relevant."
What are the advantages of contributing to open source?,"Contributing to open source improves coding skills, provides real-world experience, and expands your network within the developer community."
How do I choose the right mentor for my career?,Look for a mentor with experience in your desired field who aligns with your career goals and can offer valuable insights.
How can VidyaSangam help me with resume building?,"VidyaSangam mentors provide guidance on structuring your resume, highlighting key skills, and tailoring it to specific roles."
What is the importance of UI/UX design in development?,"Good UI/UX design enhances user satisfaction, making products more accessible, intuitive, and enjoyable to use."
How do I transition from a non-technical to a technical role?,"Start by learning the basics of coding, build projects, and seek mentorship to guide you through the transition."
What skills are needed for a cybersecurity career?,"You need to learn networking, cryptography, ethical hacking, and security protocols, along with gaining certifications like CISSP or CEH."
How do coding competitions help in career growth?,"They sharpen problem-solving skills, improve coding efficiency, and can be a great addition to your resume."
How can I prepare for leadership roles in tech?,"Develop soft skills like communication, decision-making, and team management, and take on leadership opportunities in projects."
What’s the best way to learn database management?,"Start by learning SQL for relational databases, and progress to NoSQL databases like MongoDB for handling large-scale data."
How can VidyaSangam help with career transitions?,"VidyaSangam mentors provide personalized advice on learning new skills, building a portfolio, and finding opportunities in new fields."
What is the role of data structures in software development?,"Data structures are critical for efficient data storage, manipulation, and retrieval, making them essential for optimized code."
How do I make the most of my internship experience?,"Take initiative, seek feedback, network with peers and seniors, and focus on learning as much as possible."
How do I choose the right career path in tech?,"Assess your interests in fields like web development, data science, or cybersecurity, then create a learning path with the help of mentors."
What should I ask a mentor when exploring new technologies?,"Ask about the technology’s industry relevance, the best learning resources, and how to apply the skills in real-world projects."
How can I build a solid portfolio as a software developer?,"Include diverse projects showcasing your skills, contribute to open-source, and demonstrate problem-solving in different programming languages."
What should I ask seniors about cracking technical interviews?,"Ask for advice on the types of questions asked, resources they used for coding practice, and tips for excelling in system design interviews."
How can I roadmap my learning for AI development?,"Start with Python, learn the basics of machine learning, dive into deep learning frameworks like TensorFlow, and work on AI projects like image recognition or NLP."
How can VidyaSangam help me find the right learning path?,VidyaSangam offers personalized learning paths with mentor guidance to help you focus on skills relevant to your career goals.
What should I ask a mentor when planning for career growth?,"Ask about long-term industry trends, important skills to acquire, and how to strategically position yourself for future roles."
How do I build a strong LinkedIn profile as a college student?,"Highlight your academic achievements, internships, certifications, and projects, and connect with industry professionals for networking."
How should I approach learning competitive programming?,"Start by mastering data structures and algorithms, participate in online coding platforms, and practice consistently to improve problem-solving skills."
What should I ask seniors about preparing for coding competitions?,"Ask for their strategy on solving problems efficiently, time management tips during contests, and their go-to resources for preparation."
How can I effectively network with professionals from Tier-3 colleges?,"Attend tech conferences, engage with online tech communities, connect with alumni, and use platforms like VidyaSangam for mentorship."
What should I include in my roadmap to become a DevOps engineer?,"Start by learning Linux, Git, and Docker, then move to cloud services like AWS and tools like Jenkins for CI/CD pipelines."
What questions should I ask a mentor about balancing multiple tech skills?,"Ask for advice on prioritizing learning, how to focus on one skill at a time, and strategies for managing learning time effectively."
How can I prepare for campus placements at a Tier-3 college?,"Focus on mastering coding skills, practicing aptitude questions, preparing your resume, and attending mock interviews for practice."
What roadmap should I follow to learn frontend development?,"Begin with HTML, CSS, and JavaScript, then learn a framework like React, and understand version control tools like Git."
What questions should I ask a mentor about transitioning from college to work?,"Ask about workplace expectations, how to continue learning on the job, and tips for successfully navigating your first year in a company."
How do I prepare for software engineering roles from a Tier-3 college?,"Focus on mastering data structures and algorithms, build real-world projects, and seek mentorship to improve soft skills like communication."
What should I ask a mentor when seeking advice on open-source contributions?,"Ask for guidance on finding beginner-friendly projects, how to make meaningful contributions, and building a network within the open-source community."
How can I create a roadmap for learning web development?,"Start with HTML, CSS, and JavaScript, then learn frameworks like React or Angular, and move to backend technologies like Node.js or Django."
What should I ask seniors about preparing for off-campus job opportunities?,"Ask about how they networked with recruiters, the platforms they used to apply, and how they prepared for technical interviews."
How can I build a strong GitHub profile as a developer?,"Contribute to open-source projects, upload your personal projects, keep your code clean and well-documented, and engage with other developers."
How do I ask for career guidance from seniors at a Tier-3 college?,"Be specific about your goals, ask for advice on skill-building, and inquire about resources they found useful for placements and internships."
What roadmap should I follow to become a cloud engineer?,"Learn cloud platforms like AWS or Azure, get familiar with services like EC2 and S3, and practice deploying applications to the cloud."
How do I improve my coding skills as a beginner?,"Start by learning the basics of one programming language, practice regularly on platforms like HackerRank or LeetCode, and build small projects to reinforce your learning."
What questions should I ask a mentor about career options in AI?,"Ask about AI applications across industries, the skills most in demand, and the best ways to apply AI knowledge in real-world projects."
How can I roadmap my career to become a mobile app developer?,"Start with learning native development for Android or iOS, then explore cross-platform tools like React Native or Flutter for broader opportunities."
What should I ask a mentor when seeking guidance on work-life balance?,"Ask for tips on managing workloads, how to set priorities, and strategies for avoiding burnout while learning and working."
How can I overcome challenges in learning programming at a Tier-3 college?,"Use online resources like freeCodeCamp, participate in coding communities, and connect with mentors who can guide you through difficult concepts."
What roadmap should I follow to become a machine learning engineer?,"Start with Python and basic data science concepts, then progress to machine learning libraries like TensorFlow, Keras, or PyTorch, and work on real-world datasets."
What should I ask seniors about finding freelance opportunities?,"Ask about the platforms they used to get clients, how they built their portfolio, and strategies for managing time between freelance work and studies."
How can I improve my time management skills as a student?,"Use tools like Trello or Notion to organize tasks, prioritize based on deadlines, and break down large tasks into smaller, manageable steps."
What should I focus on during the first year of college to build a strong foundation?,"Concentrate on understanding core subjects, get comfortable with basic programming languages, and start building small projects to apply your knowledge."
How can I decide which technology to specialize in?,"Explore different fields like web development, AI, or cybersecurity through internships, projects, and by talking to mentors who can guide you based on market demand."
What should I ask a mentor when seeking help with study plans?,"Ask for advice on how to structure your study time, which resources to use for learning, and how to balance academics with skill-building activities."
How do I handle procrastination as a student?,"Break down your tasks into small, achievable goals, set clear deadlines, and use techniques like the Pomodoro method to stay focused."
What should I ask a mentor about building projects for my resume?,Ask for suggestions on the types of projects that align with your career goals and how to choose projects that demonstrate both technical and problem-solving skills.
How can I get over the fear of failing in technical subjects?,"Focus on consistent practice, ask questions when you're stuck, and use online platforms like Stack Overflow or forums to seek help when needed."
What technologies should I learn if I want to become job-ready by the time I graduate?,"Master foundational technologies like HTML, CSS, JavaScript for web development, learn version control with Git, and understand basic concepts in cloud computing."
What should I ask a mentor when struggling with self-confidence?,"Ask for tips on how to set realistic goals, get feedback on your progress, and seek advice on how to overcome imposter syndrome."
How can I find my passion in tech if I’m confused?,"Explore different fields by taking online courses, doing internships, or talking to seniors and mentors to see what excites you most."
What skills should I develop to get an internship as a junior?,"Focus on learning the basics of programming, build a few small projects to showcase your skills, and improve your problem-solving abilities through coding challenges."
How can I prepare for coding interviews early on?,"Start by mastering data structures and algorithms, practice regularly on platforms like LeetCode, and learn how to explain your thought process clearly."
What should I ask seniors about managing academic pressure?,"Ask for tips on balancing coursework with skill development, how to manage exam stress, and strategies they used to stay on top of their studies."
How can I choose the right programming language to learn first?,"Pick a language based on your career goals – Python is great for beginners, while JavaScript is essential for web development, and C++ is ideal for competitive programming."
What should I ask a mentor about setting career goals?,"Ask for guidance on identifying long-term career paths, how to break those goals into smaller, achievable steps, and how to stay focused despite challenges."
How can I improve my presentation skills for academic and tech events?,"Practice speaking in front of peers, participate in college events, and get feedback from mentors on how to clearly present your ideas to an audience."
What should I ask a mentor when learning to code for the first time?,"Ask for advice on which language to start with, how to practice coding daily, and resources for beginners to help you understand programming fundamentals."
How can I learn new technologies faster as a student?,"Set aside dedicated time for learning, focus on hands-on projects, and apply what you learn to real-world problems to deepen your understanding."
What skills are important for landing a job after college?,"Focus on technical skills like coding, communication skills, teamwork, and the ability to learn new technologies quickly."
How can I ask a mentor for help with my first big project?,"Be specific about the areas where you need help, ask for guidance on structuring the project, and seek feedback at various stages to ensure you're on the right track."
What should I ask seniors about building a personal brand as a student?,"Ask how to showcase your skills on LinkedIn and GitHub, the importance of contributing to open-source, and how to network effectively in the tech community."
How do I manage studies while learning new tech skills?,"Create a balanced schedule that dedicates time to both academic subjects and extracurricular learning, and set achievable goals for skill development."
What should I ask seniors about finding freelance opportunities?,"Ask for advice on building a portfolio, platforms to find gigs, and how to balance freelance work with your studies."
How can I get a mentor to help me with my soft skills?,"Ask for feedback on communication, teamwork, and leadership skills, and seek advice on how to improve these through practice in real-world scenarios."
What should I do if I’m not sure which tech field to focus on?,"Experiment with different areas like AI, web development, or data science through projects and internships, and seek advice from mentors to help you decide based on your interests."
How can I network effectively as a shy person?,"Start by connecting with people online, engage in conversations on LinkedIn, and gradually attend tech meetups or webinars to build your confidence."
What should I ask seniors about preparing for coding competitions?,"Ask for their practice strategies, how they approach solving problems, and which resources they found most useful in improving their skills."
How do I deal with failures in coding or academics?,"Treat failures as learning opportunities, reflect on what went wrong, and ask mentors for advice on how to approach challenges differently next time."
How can I improve my resume as a junior with little experience?,"Focus on showcasing projects, any internships or volunteer work, and highlight skills relevant to the roles you’re applying for, even if it’s academic work."
What should I ask a mentor about transitioning from student life to a professional career?,"Ask for advice on adapting to workplace culture, how to continue learning on the job, and tips on navigating career progression effectively."
How do I stay motivated when learning a challenging new technology?,"Break down your learning into smaller goals, celebrate small wins, and ask your mentor for advice when you hit roadblocks to stay on track."
How can I find a balance between learning and personal life?,"Set clear boundaries for study and personal time, prioritize tasks, and ensure you take regular breaks to avoid burnout."
What should I ask seniors about the best online courses or certifications?,"Ask for recommendations on platforms like Coursera or Udemy, which courses helped them the most, and whether certifications played a role in their job search."
How can I effectively build teamwork skills as a student?,"Join group projects, participate in hackathons or coding clubs, and ask for feedback from your team to improve collaboration and communication."
How do I manage exam stress while also learning coding?,"Create a study plan that balances academic and coding practice, take regular breaks, and use stress-relief techniques like meditation or exercise."
How can I choose the right online course for learning programming?,"Look for courses with practical projects, good reviews, and mentorship support. Platforms like Coursera or Udemy offer solid programming courses."
What should I ask a mentor about setting short-term goals?,"Ask for advice on setting achievable, time-bound goals that align with your long-term career vision and focus on skill-building."
How do I start learning data structures and algorithms?,"Begin with understanding basic data structures like arrays, linked lists, and trees, then practice algorithm problems on sites like LeetCode or Codeforces."
What should I focus on during internships to maximize learning?,"Take initiative, ask questions, seek feedback, and work on understanding both the technical and business aspects of the projects you’re assigned to."
How can I get better at coding in teams?,"Learn version control with Git, improve your communication skills, and practice code reviews to effectively collaborate in coding environments."
What should I ask a mentor when planning my final year project?,"Ask for guidance on choosing a relevant and feasible topic, how to structure the project, and which technologies to focus on."
How can I improve my communication skills as a tech student?,"Practice explaining technical concepts to non-technical people, participate in group discussions, and seek feedback from peers and mentors."
What’s the best way to keep up with new technologies in the tech world?,"Follow tech blogs, subscribe to industry newsletters, attend webinars or conferences, and participate in discussions on platforms like Stack Overflow."
How do I prepare for technical tests during job interviews?,"Practice coding problems daily, focus on data structures and algorithms, and review common interview questions for the specific job role."
What should I ask a mentor about choosing between multiple tech fields?,"Ask about the job prospects in each field, the key skills required, and which field aligns best with your interests and long-term career goals."
How can I stand out when applying for internships?,"Highlight relevant projects, show a proactive attitude in learning new technologies, and emphasize any extracurricular coding or tech involvement."
What’s the best way to approach learning multiple programming languages?,"Master one language first, understand programming concepts thoroughly, then gradually pick up others by working on small projects in each language."
How can I build a good rapport with my mentor?,"Be proactive in seeking advice, regularly update your mentor on your progress, and show appreciation for their guidance and time."
What should I ask seniors about surviving the first year of college?,"Ask for advice on managing time, balancing social life with academics, and tips on staying motivated in your studies."
How can I improve my presentation skills for tech interviews?,"Practice explaining your projects clearly, be concise when discussing technical details, and prepare answers to common behavioral questions."
What should I ask a mentor when stuck in a learning plateau?,"Ask for advice on new challenges or projects to work on, ways to refresh your learning approach, and suggestions on advanced topics to explore."
How can I stay focused when learning difficult concepts?,"Break the concept into smaller pieces, take regular breaks, and try to apply what you’ve learned through projects or exercises to reinforce your understanding."
What should I ask a mentor about building a career in software development?,"Ask about the most important skills to focus on, the importance of networking in the industry, and how to approach continuous learning in your career."
How do I know which soft skills are important in tech roles?,"Communication, teamwork, problem-solving, and adaptability are crucial in tech roles, and you can ask your mentor for advice on improving them."
How can I prepare for group projects in college?,"Develop strong communication skills, assign roles based on team strengths, and ensure clear and consistent updates on progress within the group."
What should I ask a mentor about preparing for tech conferences?,"Ask for tips on networking effectively, which sessions or talks to attend, and how to follow up with people you meet after the conference."
How can I improve my resume as a beginner?,"Focus on showcasing personal projects, any internships, relevant coursework, and highlight skills that align with the job roles you're interested in."
What should I ask seniors about building a professional network?,"Ask how they connected with alumni or industry professionals, what platforms they used for networking, and strategies for staying in touch after initial meetings."
How can I handle imposter syndrome as a student?,"Recognize that learning is a process, focus on your progress, and talk to mentors about their experiences and how they overcame self-doubt."
What should I ask a mentor about balancing academics with skill-building?,"Ask for strategies to prioritize your time effectively, how to maintain consistent learning, and ways to integrate skill-building with academic requirements."
How can I become a better problem-solver in coding?,"Practice regularly on problem-solving platforms, study different algorithms, and try to understand multiple approaches to solving a single problem."
What should I ask a mentor when preparing for hackathons?,"Ask for advice on team collaboration, how to quickly prototype solutions, and strategies for presenting your project effectively to judges."
How do I know if I'm ready for my first internship?,"If you have a basic understanding of the required skills and some project experience to showcase, you’re ready to start applying for internships."
What should I ask seniors about applying for jobs in startups?,"Ask about the work culture in startups, the types of skills startups look for, and how they navigated the hiring process in a fast-paced environment."
How can I choose the right side projects to work on?,"Pick projects that align with your career goals, focus on solving real-world problems, and choose those that challenge you to learn new skills."
What should I ask a mentor about creating an effective LinkedIn profile?,"Ask for tips on optimizing your profile, how to highlight key skills and projects, and strategies for connecting with industry professionals."
How can I prepare for open-source contributions as a beginner?,"Start by contributing to documentation or fixing small bugs, understand the project structure, and communicate with maintainers for guidance."
What should I ask seniors about building a strong GitHub profile?,"Ask for advice on how to structure your repositories, which projects to showcase, and how to write clean, understandable code with good documentation."
How do I stay consistent in learning new technologies?,"Set aside regular time for learning, break down technologies into small modules, and apply what you learn in projects to reinforce your skills."
What should I ask a mentor when learning a new tech stack?,"Ask for suggestions on the best resources, how to approach learning each component of the stack, and how to integrate those technologies into a project."
How can I improve my networking skills in college?,"Attend tech events, join coding clubs or communities, actively engage with seniors and alumni, and connect with people on platforms like LinkedIn."
What should I ask seniors about managing stress during exams and coding projects?,"Ask for their time-management tips, how they handled multiple deadlines, and stress-relief techniques that helped them during intense periods."
How can I make the most of an internship?,"Take initiative in tasks, seek feedback from supervisors, network with colleagues, and work on understanding both technical and business aspects of projects."
What should I ask a mentor about balancing multiple projects?,"Ask for advice on prioritizing tasks, how to manage your time efficiently, and strategies for staying organized when juggling multiple commitments."
How do I approach learning advanced topics in programming?,"Start by mastering the basics, then gradually introduce yourself to more complex topics. Use advanced projects and mentorship to deepen your understanding."
What should I ask seniors about preparing for tech roles in large companies?,"Ask about their interview experiences, the skills they focused on, and how they adapted to the work culture in a corporate environment."
How can I improve my coding speed and efficiency?,"Practice solving problems under timed conditions, focus on writing clean and optimized code, and participate in coding competitions to improve speed."
What should I ask a mentor about building leadership skills?,"Ask for guidance on how to take initiative in group projects, ways to improve decision-making, and how to manage and motivate a team."
How can I explore multiple career options in tech?,"Take up internships or side projects in different fields, talk to professionals working in those areas, and use online resources to explore various tech domains."
What should I ask seniors about pursuing higher education in tech?,"Ask about the pros and cons of higher studies, the application process for international programs, and how they chose between job offers and further studies."
How do I get feedback on my coding projects?,"Share your projects on GitHub, participate in code review communities, and ask mentors or peers to review your code for improvements and best practices."
How can I effectively participate in hackathons as a beginner?,"Join a team with diverse skills, set clear roles, and focus on rapid prototyping while ensuring everyone contributes to the final project."
What are some tips for effective online learning?,"Stay organized, set a consistent schedule, engage in discussions, and apply what you learn through hands-on projects."
How can I make connections at tech meetups?,"Prepare a brief introduction about yourself, ask thoughtful questions, and follow up with people you meet on LinkedIn."
What should I ask a mentor about work-life balance in tech?,"Inquire about their strategies for managing workload, how they prioritize tasks, and ways to avoid burnout."
How can I develop critical thinking skills as a student?,"Engage in activities that require problem-solving, analyze case studies, and participate in discussions that challenge your perspectives."
What should I do if I feel overwhelmed with my coursework?,"Talk to your professors or academic advisors, seek help from peers, and consider adjusting your course load if possible."
How can I get involved in open-source projects?,"Start by finding projects that interest you on GitHub, read the contribution guidelines, and begin with simple issues or documentation."
What should I ask seniors about balancing academics with extracurricular activities?,"Ask how they managed their time, which activities were most beneficial, and their strategies for prioritizing responsibilities."
How do I approach a mentor about career path uncertainties?,"Be honest about your concerns, ask for their insights based on their experience, and seek advice on exploring different options."
What are some effective study techniques for technical subjects?,"Utilize active learning methods, practice with real-world examples, and engage in study groups to reinforce your understanding."
How can I improve my ability to work under pressure?,"Practice time management, simulate high-pressure situations, and learn stress-relief techniques to stay calm and focused."
What should I ask a mentor about pursuing a specific tech certification?,"Inquire about the certification’s value in the job market, study resources, and tips for preparation and exam success."
How can I leverage internships to build my career?,"Seek diverse experiences, build a strong network, and ask for letters of recommendation that can aid in future job applications."
What should I ask seniors about transitioning from college to a corporate environment?,"Ask about their experiences, how they adapted to corporate culture, and tips for building professional relationships."
How can I effectively manage group dynamics in team projects?,"Establish clear communication, set mutual goals, and resolve conflicts openly to maintain a productive environment."
What should I do if I’m interested in multiple programming languages?,"Focus on one language at a time, but also try small projects in others to see which you enjoy working with most."
How can I enhance my analytical skills in tech?,"Engage in data analysis projects, work on coding challenges that require logical thinking, and learn to interpret data effectively."
What should I ask a mentor about preparing for remote work?,"Inquire about tips for effective communication, managing time, and how to maintain productivity in a remote environment."
How can I improve my research skills for academic projects?,"Utilize academic databases, learn to evaluate sources, and practice summarizing information to enhance your understanding."
What should I ask seniors about gaining visibility in the tech community?,"Ask about the benefits of blogging, speaking at events, and participating in online forums to showcase your expertise."
How do I identify my strengths and weaknesses in tech?,"Seek feedback from mentors and peers, self-reflect on your experiences, and take assessments that highlight your skill set."
What are effective ways to learn from coding mistakes?,"Review your code to understand what went wrong, seek feedback from others, and document lessons learned for future reference."
How can I develop resilience in facing tech-related challenges?,"Focus on a growth mindset, embrace failures as learning opportunities, and seek mentorship to guide you through difficult situations."
What should I ask a mentor about preparing for tech interviews?,"Inquire about common interview questions, the best ways to present your projects, and strategies for answering behavioral questions."
How can I effectively manage my digital footprint as a student?,"Be mindful of what you share online, regularly review your social media profiles, and ensure your professional presence aligns with your career goals."
What should I ask seniors about their internship experiences?,"Ask about their day-to-day tasks, how they approached learning new skills, and any challenges they faced during their internships."
How can I improve my ability to learn from feedback?,"Practice active listening, ask clarifying questions, and reflect on the feedback to identify actionable steps for improvement."
What should I ask a mentor about building a portfolio?,"Seek advice on what to include, how to present your work effectively, and the best platforms to showcase your projects."
How do I find the right balance between theory and practice in learning?,Integrate theoretical knowledge with hands-on projects to reinforce your understanding and apply what you've learned in real-world scenarios.
What should I ask seniors about effectively managing study groups?,"Ask about their strategies for keeping discussions focused, how to encourage participation, and ways to handle conflicting opinions."
How can I use social media to my advantage as a tech student?,"Follow industry leaders, engage in relevant discussions, and share your projects to build a professional online presence."
What should I ask a mentor when looking to specialize in a tech field?,"Ask about the skills needed, potential career paths, and how to build a network within that specialization."
How can I enhance my problem-solving abilities in coding?,"Practice regularly, participate in coding challenges, and collaborate with peers to expose yourself to different problem-solving approaches."
What should I ask seniors about dealing with academic burnout?,"Inquire about their coping strategies, how they maintained motivation, and any changes they made to their study habits."
How can I effectively transition from college projects to real-world applications?,"Focus on understanding user needs, seek feedback from mentors, and consider how your projects solve real problems in the industry."
What should I ask a mentor about gaining experience outside of the classroom?,"Ask for recommendations on internships, volunteer opportunities, and other extracurricular activities that can enhance your skill set."
How can I approach learning emerging technologies?,"Stay curious, take introductory courses, and start small projects to understand how these technologies can be applied in real-world scenarios."
What should I ask seniors about managing expectations in team projects?,"Ask about their experiences in setting realistic goals, communicating challenges, and balancing workload among team members."
How can I find a mentor on VidyaSangam?,"VidyaSangam offers a structured process to pair you with a mentor based on your career goals, interests, and industry expertise."
What tech stack should I learn for AI development?,"For AI development, start with Python, learn libraries like TensorFlow and PyTorch, and understand data science concepts through VidyaSangam's AI learning paths."
How do I improve my coding skills for hackathons?,VidyaSangam provides coding workshops and connects you with experienced mentors who can guide you in problem-solving and hackathon preparation.
How does VidyaSangam help with career growth?,"VidyaSangam supports career growth by offering personalized mentorship, access to industry professionals, career advice, and skill-building learning paths."
What programming languages should I learn for web development?,"VidyaSangam suggests starting with HTML, CSS, JavaScript, and frameworks like React or Angular to build a strong foundation in web development."
How can I network with professionals in the tech industry through VidyaSangam?,"VidyaSangam hosts networking events, webinars, and discussion forums where you can connect with tech industry professionals and expand your network."
What are the key soft skills needed for career success?,"VidyaSangam emphasizes communication, leadership, adaptability, and problem-solving as essential soft skills for career success."
How can I get personalized career guidance on VidyaSangam?,"By setting up a detailed profile and outlining your career goals, VidyaSangam pairs you with mentors who offer tailored career guidance."
How do I learn data science through VidyaSangam?,"VidyaSangam offers a structured learning path in data science, covering Python, machine learning, and data visualization with mentorship support."
What workshops are available for learning new technologies?,"VidyaSangam hosts workshops on various technologies, including cloud computing, AI, blockchain, and web development, guided by industry experts."
What resources are available for interview preparation?,"VidyaSangam provides mock interviews, interview tips, and resources to help you prepare for technical and behavioral interviews."
How can VidyaSangam help with building a professional portfolio?,"Mentors on VidyaSangam can guide you in creating a professional portfolio that highlights your skills, projects, and achievements."
What are the benefits of attending VidyaSangam webinars?,"VidyaSangam webinars offer insights from industry professionals, providing knowledge on the latest trends and best practices in various fields."
How can I transition into a new career through VidyaSangam?,"VidyaSangam offers career transition guidance, connecting you with mentors who specialize in helping professionals switch industries or roles."
What skills are required to become a full-stack developer?,"VidyaSangam's full-stack development learning path includes HTML, CSS, JavaScript, Node.js, databases, and deployment strategies."
How do I improve my problem-solving skills?,"VidyaSangam offers coding challenges, algorithm workshops, and mentorship to enhance your problem-solving skills for technical roles."
Can VidyaSangam help me with freelance career advice?,"Yes, VidyaSangam mentors can provide advice on how to start, manage, and grow a successful freelance career."
How can I find tech industry professionals on VidyaSangam?,"VidyaSangam allows you to connect with tech professionals through its platform's networking features, webinars, and mentor-led discussions."
What is the best way to learn DevOps?,"VidyaSangam offers a DevOps learning path, including tools like Docker, Kubernetes, and CI/CD practices, with mentorship from industry experts."
How can I prepare for a career in data engineering?,"VidyaSangam's data engineering learning path includes SQL, Python, ETL processes, and cloud data platforms like AWS and Azure."
What is the role of a mentor on VidyaSangam?,"A mentor on VidyaSangam provides guidance, advice, and support based on your career and learning goals, helping you grow professionally."
How can I improve my public speaking and presentation skills?,"VidyaSangam offers soft skills workshops, including public speaking, presentation skills, and communication techniques."
What tech stack should I learn for mobile app development?,"VidyaSangam recommends learning Flutter or React Native for cross-platform mobile app development, along with basic Android and iOS knowledge."
How do I choose the right learning path on VidyaSangam?,"VidyaSangam offers personalized learning paths based on your career goals, skill level, and interests, ensuring you stay on the right track."
Can VidyaSangam help with networking outside of tech?,"Yes, VidyaSangam provides opportunities to network with professionals from various industries through its events and mentor-mentee connections."
How can I get feedback on my projects on VidyaSangam?,"VidyaSangam mentors can review your projects, offer constructive feedback, and help you refine your work to align with industry standards."
How can I build leadership skills on VidyaSangam?,"VidyaSangam offers mentorship in leadership, covering areas like team management, strategic thinking, and decision-making skills."
What are the benefits of VidyaSangam's career counseling services?,"VidyaSangam provides personalized career counseling, helping you set achievable goals, create action plans, and navigate your career path."
How does VidyaSangam help with staying updated on industry trends?,"VidyaSangam regularly hosts webinars, workshops, and discussions that keep you informed on the latest industry trends and developments."
What are some key tools to learn for cloud computing?,"VidyaSangam offers learning paths on cloud computing, covering tools like AWS, Azure, Google Cloud, and cloud security practices."
How can VidyaSangam support remote job opportunities?,"VidyaSangam mentors offer advice on finding and excelling in remote jobs, along with tips on managing remote teams and projects."
